participant_id,age_band,occupation,country,segment,c4_status,first_sentence_verbatim,difficult_week_narrative,interaction_evidence,interaction_score,verbatim_causal_chains,recurrence_score,existing_tools,existing_tools_score,existing_tool_gap,gap_score,gap_evidence,memory_value_score,personalization_need_score,trust_score,frequency_score,action_taken,employer_trust_score,counter_evidence,researcher_notes,evidence_lock_timestamp
P01,,,,,,,,,,,,,,,,,,,,,,,,,
P02,,,,,,,,,,,,,,,,,,,,,,,,,
P03,,,,,,,,,,,,,,,,,,,,,,,,,
P04,,,,,,,,,,,,,,,,,,,,,,,,,
P05,,,,,,,,,,,,,,,,,,,,,,,,,
P06,,,,,,,,,,,,,,,,,,,,,,,,,
P07,,,,,,,,,,,,,,,,,,,,,,,,,
P08,,,,,,,,,,,,,,,,,,,,,,,,,
P09,,,,,,,,,,,,,,,,,,,,,,,,,
P10,,,,,,,,,,,,,,,,,,,,,,,,,
P11,,,,,,,,,,,,,,,,,,,,,,,,,
P12,,,,,,,,,,,,,,,,,,,,,,,,,
P13,,,,,,,,,,,,,,,,,,,,,,,,,
P14,,,,,,,,,,,,,,,,,,,,,,,,,
